LocationID,Zone,area_km2,morning,lunch,dinner,res_units,res_density,morning_density,lunch_density,dinner_density
4,Alphabet City,0.7,68.1,99.8,297.3,13758.0,18467.7,91.4,133.9,399.1
12,Battery Park,0.1,32.5,20.6,3.9,0.0,0.0,321.5,204.0,38.3
13,Battery Park City,0.5,450.1,245.4,314.9,8267.0,18087.0,984.7,536.8,689.0
24,Bloomingdale,0.4,56.6,70.7,143.3,8782.0,22360.0,144.2,180.0,364.8
41,Central Harlem,1.3,391.1,395.9,646.7,22665.0,16913.1,291.8,295.4,482.6
42,Central Harlem North,2.4,535.5,442.3,856.1,41515.0,17602.6,227.0,187.6,363.0
43,Central Park,3.6,144.9,230.4,176.4,0.0,0.0,40.7,64.8,49.6
45,Chinatown,0.7,144.5,162.4,265.0,9049.0,13081.6,208.9,234.8,383.1
48,Clinton East,0.9,284.8,406.3,883.9,26433.0,29927.4,322.5,460.0,1000.8
50,Clinton West,0.8,227.5,250.2,466.7,13876.0,16851.8,276.3,303.9,566.7
68,East Chelsea,1.0,777.0,692.7,1005.0,19999.0,19210.3,746.4,665.4,965.4
74,East Harlem North,2.3,476.9,420.3,669.0,28968.0,12735.7,209.6,184.8,294.1
75,East Harlem South,1.5,530.6,382.7,532.3,28466.0,18412.3,343.2,247.5,344.3
79,East Village,1.0,232.9,441.5,1441.2,26435.0,26132.7,230.2,436.5,1424.8
87,Financial District North,0.4,297.9,293.1,624.2,15945.0,41058.7,767.1,754.8,1607.4
88,Financial District South,0.2,245.7,168.7,256.7,2397.0,9847.9,1009.3,693.0,1054.6
90,Flatiron,0.5,256.6,309.4,619.9,15170.0,29258.4,494.9,596.8,1195.7
100,Garment District,0.4,360.2,321.2,416.1,942.0,2682.5,1025.7,914.8,1184.8
103,Governor's Island/Ellis Island/Liberty Island,0.1,0.0,0.0,0.0,0.0,0.0,0.0,0.0,0.0
104,Governor's Island/Ellis Island/Liberty Island,0.1,0.0,0.0,0.0,0.0,0.0,0.0,0.0,0.0
105,Governor's Island/Ellis Island/Liberty Island,0.7,0.0,0.0,0.0,0.0,0.0,0.0,0.0,0.1
107,Gramercy,0.7,330.2,359.8,762.5,18735.0,26786.0,472.1,514.4,1090.2
113,Greenwich Village North,0.5,285.4,324.5,583.4,12971.0,23869.9,525.2,597.2,1073.5
114,Greenwich Village South,0.4,224.6,299.8,773.7,8520.0,19326.6,509.6,680.0,1755.0
116,Hamilton Heights,1.5,231.0,230.7,466.1,21705.0,14525.2,154.6,154.4,311.9
120,Highbridge Park,0.7,12.4,8.0,12.7,0.0,0.0,17.1,11.0,17.5
125,Hudson Sq,0.4,268.8,197.0,302.9,2661.0,6980.3,705.2,516.9,794.7
127,Inwood,1.3,247.5,188.2,384.8,17358.0,12954.8,184.7,140.5,287.2
128,Inwood Hill Park,0.9,30.0,19.7,27.9,0.0,0.0,32.3,21.3,30.1
137,Kips Bay,0.6,377.7,265.0,459.1,14792.0,22987.7,587.0,411.9,713.5
140,Lenox Hill East,0.7,575.0,384.8,469.5,18959.0,27375.4,830.3,555.6,677.9
141,Lenox Hill West,0.7,273.2,324.4,655.3,29039.0,40428.8,380.3,451.7,912.3
142,Lincoln Square East,0.7,344.5,421.0,794.1,22810.0,32180.2,486.1,594.0,1120.4
143,Lincoln Square West,0.8,185.7,205.9,457.9,22574.0,29696.0,244.2,270.9,602.4
144,Little Italy/NoLiTa,0.4,277.5,426.1,664.3,7379.0,16575.0,623.3,957.2,1492.1
148,Lower East Side,0.7,198.5,386.5,1076.9,11161.0,17065.1,303.6,591.0,1646.6
151,Manhattan Valley,0.8,124.5,150.6,284.1,18212.0,21868.5,149.5,180.8,341.1
152,Manhattanville,1.0,192.7,135.6,211.8,8199.0,8293.1,194.9,137.1,214.3
153,Marble Hill,0.3,60.0,52.8,82.2,3155.0,10386.7,197.5,173.7,270.6
158,Meatpacking/West Village West,0.7,224.6,318.3,760.0,7635.0,11570.5,340.4,482.3,1151.8
161,Midtown Center,0.7,1228.2,803.5,835.4,2412.0,3579.0,1822.5,1192.2,1239.6
162,Midtown East,0.4,918.8,536.5,625.8,5130.0,11429.4,2047.0,1195.3,1394.2
163,Midtown North,0.4,541.7,525.3,720.7,8440.0,22045.1,1414.9,1372.0,1882.5
164,Midtown South,0.5,448.8,521.3,1000.5,7616.0,14606.2,860.7,999.8,1918.9
166,Morningside Heights,1.5,403.3,317.6,375.4,16926.0,11446.0,272.7,214.8,253.9
170,Murray Hill,0.7,638.6,559.4,852.1,19346.0,27774.2,916.8,803.1,1223.3
186,Penn Station/Madison Sq West,0.3,439.0,480.1,782.0,4164.0,11983.6,1263.4,1381.6,2250.5
194,Randalls Island,2.2,46.3,28.9,35.0,0.0,0.0,21.3,13.3,16.1
202,Roosevelt Island,0.6,35.3,38.6,82.6,12308.0,20985.4,60.2,65.9,140.9
209,Seaport,0.3,94.2,105.0,238.5,5248.0,20194.8,362.6,403.9,917.7
211,SoHo,0.4,241.2,425.4,597.5,5283.0,14182.4,647.5,1142.0,1604.1
224,Stuy Town/Peter Cooper Village,0.5,37.4,65.6,196.1,11255.0,21765.6,72.3,126.9,379.2
229,Sutton Place/Turtle Bay North,0.6,198.5,242.0,547.6,22696.0,38089.5,333.2,406.2,919.0
230,Times Sq/Theatre District,0.5,580.6,682.2,1260.9,5889.0,11203.4,1104.6,1297.9,2398.8
231,TriBeCa/Civic Center,1.1,665.1,599.5,1074.3,12067.0,10879.0,599.6,540.5,968.5
232,Two Bridges/Seward Park,1.4,149.2,191.1,434.0,23411.0,16559.8,105.5,135.1,307.0
233,UN/Turtle Bay South,0.6,293.3,265.0,480.6,17704.0,31042.2,514.3,464.6,842.7
234,Union Sq,0.7,670.3,653.5,1151.5,10692.0,15602.4,978.1,953.6,1680.3
236,Upper East Side North,1.0,514.9,510.6,716.5,23559.0,24447.0,534.3,529.9,743.5
237,Upper East Side South,0.9,595.7,678.9,899.5,16505.0,18351.1,662.3,754.9,1000.1
238,Upper West Side North,1.1,293.2,265.8,495.4,30667.0,26898.2,257.1,233.1,434.5
239,Upper West Side South,1.2,280.8,376.7,701.0,26647.0,21856.7,230.3,309.0,575.0
243,Washington Heights North,2.1,301.5,269.4,506.4,27106.0,12881.4,143.3,128.0,240.6
244,Washington Heights South,2.1,624.0,433.1,628.8,31390.0,14635.5,291.0,201.9,293.2
246,West Chelsea/Hudson Yards,1.2,1020.6,655.3,1013.6,10961.0,9186.7,855.4,549.2,849.5
249,West Village,0.7,225.7,423.0,1193.4,16900.0,24963.3,333.4,624.8,1762.8
261,World Trade Center,0.3,296.0,241.8,291.9,4579.0,14217.6,919.1,750.9,906.4
262,Yorkville East,0.6,141.3,153.3,347.7,21487.0,33260.6,218.8,237.3,538.2
263,Yorkville West,0.6,214.2,259.0,589.4,29498.0,47872.8,347.6,420.4,956.5
