LocationID,Zone,2025_per_day,2026_per_day,yoy_pct,yoy_abs,morning_yoy_pct,lunch_yoy_pct,dinner_yoy_pct,morning_share_shift_pp,lunch_share_shift_pp,dinner_share_shift_pp
4,Alphabet City,1125.0,1095.1,-2.7,-29.9,-6.9,-5.5,-2.7,-0.3,-0.3,0.0
13,Battery Park City,1826.8,1702.5,-6.8,-124.3,-10.1,-9.0,-4.4,-0.9,-0.3,0.5
24,Bloomingdale,572.9,599.9,4.7,26.9,11.7,7.4,3.8,0.6,0.3,-0.2
41,Central Harlem,2749.4,2860.8,4.1,111.4,2.9,5.8,4.6,-0.2,0.2,0.1
42,Central Harlem North,3751.1,3987.5,6.3,236.5,5.0,9.1,6.7,-0.2,0.3,0.1
43,Central Park,938.4,894.5,-4.7,-43.8,-3.1,-5.4,-5.6,0.2,-0.2,-0.2
45,Chinatown,1003.0,1018.9,1.6,16.0,-4.1,-4.6,4.6,-0.8,-1.0,0.8
48,Clinton East,3520.4,3333.0,-5.3,-187.4,-8.0,-7.0,-6.0,-0.2,-0.2,-0.2
50,Clinton West,2004.8,1919.2,-4.3,-85.6,-0.8,-4.7,-9.0,0.4,-0.1,-1.2
68,East Chelsea,4784.5,4731.9,-1.1,-52.6,-0.3,-1.8,-3.2,0.1,-0.1,-0.4
74,East Harlem North,3091.5,3269.8,5.8,178.3,4.9,7.9,4.8,-0.1,0.3,-0.2
75,East Harlem South,2920.1,3052.3,4.5,132.2,1.5,6.1,5.7,-0.5,0.2,0.2
79,East Village,4600.0,4501.8,-2.1,-98.2,-3.0,-4.2,-3.7,-0.0,-0.2,-0.5
87,Financial District North,2580.5,2533.3,-1.8,-47.3,-2.4,-3.6,-3.9,-0.1,-0.2,-0.5
88,Financial District South,1103.9,1235.4,11.9,131.6,-4.4,1.0,18.0,-3.3,-1.5,1.1
90,Flatiron,2547.3,2475.4,-2.8,-71.9,-5.0,-4.4,-4.1,-0.2,-0.2,-0.3
100,Garment District,2054.6,1939.3,-5.6,-115.2,-8.3,-8.2,-4.2,-0.5,-0.4,0.3
107,Gramercy,2943.7,2846.0,-3.3,-97.8,-2.9,-3.4,-4.7,0.0,-0.0,-0.4
113,Greenwich Village North,2253.7,2151.5,-4.5,-102.3,-6.2,-6.3,-4.1,-0.2,-0.3,0.1
114,Greenwich Village South,2422.7,2302.1,-5.0,-120.6,-7.2,-6.2,-5.7,-0.2,-0.2,-0.3
116,Hamilton Heights,1950.3,2049.8,5.1,99.6,5.8,6.8,4.4,0.1,0.2,-0.2
125,Hudson Sq,1426.8,1413.8,-0.9,-13.0,1.4,0.5,-5.9,0.4,0.2,-1.1
127,Inwood,1625.4,1859.7,14.4,234.3,9.5,11.7,20.1,-0.6,-0.3,1.1
137,Kips Bay,2403.4,2407.6,0.2,4.1,2.2,-0.7,-2.5,0.3,-0.1,-0.5
140,Lenox Hill East,2755.4,2808.9,1.9,53.4,2.7,-0.1,3.1,0.1,-0.3,0.2
141,Lenox Hill West,2486.1,2526.5,1.6,40.4,2.9,0.4,1.9,0.1,-0.2,0.1
142,Lincoln Square East,2799.0,2800.5,0.1,1.5,-2.1,1.5,-1.2,-0.3,0.2,-0.4
143,Lincoln Square West,1731.3,1699.4,-1.8,-31.9,-1.9,-2.6,-1.7,-0.0,-0.1,0.0
144,Little Italy/NoLiTa,2618.5,2559.6,-2.2,-58.9,2.0,-3.0,-5.0,0.5,-0.1,-0.7
148,Lower East Side,3523.7,3526.7,0.1,3.1,-1.1,-0.6,0.2,-0.1,-0.1,0.0
151,Manhattan Valley,1166.1,1178.8,1.1,12.7,3.1,1.9,1.5,0.2,0.1,0.1
152,Manhattanville,1040.9,1094.7,5.2,53.8,-2.7,3.0,8.8,-1.4,-0.3,0.7
153,Marble Hill,359.3,386.6,7.6,27.3,-1.3,10.1,11.5,-1.4,0.3,0.8
158,Meatpacking/West Village West,2374.4,2267.8,-4.5,-106.6,-4.1,-3.7,-4.6,0.0,0.1,-0.0
161,Midtown Center,4833.2,4624.4,-4.3,-208.8,-6.5,-7.5,-2.7,-0.6,-0.6,0.3
162,Midtown East,3690.0,3629.7,-1.6,-60.4,-5.6,-4.2,-0.7,-1.0,-0.4,0.2
163,Midtown North,3193.9,3091.9,-3.2,-102.0,-4.3,-5.4,-2.3,-0.2,-0.4,0.2
164,Midtown South,3862.0,3691.8,-4.4,-170.2,-5.1,-7.1,-5.3,-0.1,-0.4,-0.2
166,Morningside Heights,2041.7,2116.4,3.7,74.7,-1.1,4.3,5.3,-0.9,0.1,0.3
170,Murray Hill,4007.9,3896.1,-2.8,-111.8,-5.3,-4.7,-3.9,-0.4,-0.3,-0.2
186,Penn Station/Madison Sq West,3448.5,3072.0,-10.9,-376.5,-11.3,-14.7,-9.4,-0.1,-0.6,0.4
209,Seaport,877.0,856.4,-2.3,-20.6,-1.3,-3.8,-5.1,0.1,-0.2,-0.8
211,SoHo,2309.0,2243.9,-2.8,-65.1,-2.3,-4.0,-2.4,0.1,-0.2,0.1
224,Stuy Town/Peter Cooper Village,765.6,739.6,-3.4,-26.0,-2.2,-3.1,-3.7,0.1,0.0,-0.1
229,Sutton Place/Turtle Bay North,2012.9,1994.3,-0.9,-18.6,-4.9,-2.8,-2.1,-0.4,-0.2,-0.3
230,Times Sq/Theatre District,4747.7,4572.6,-3.7,-175.1,-10.5,-5.9,-5.7,-0.9,-0.3,-0.6
231,TriBeCa/Civic Center,4297.1,4197.0,-2.3,-100.1,-4.5,-2.8,-3.1,-0.4,-0.1,-0.2
232,Two Bridges/Seward Park,1670.7,1659.2,-0.7,-11.6,1.6,-1.6,0.6,0.2,-0.1,0.3
233,UN/Turtle Bay South,2213.5,2121.9,-4.1,-91.7,-6.0,-4.4,-5.4,-0.3,-0.0,-0.3
234,Union Sq,4277.4,4129.8,-3.5,-147.6,-1.9,-3.6,-6.3,0.3,-0.0,-0.8
236,Upper East Side North,3121.7,3104.6,-0.5,-17.2,0.4,-1.6,-0.1,0.2,-0.2,0.1
237,Upper East Side South,3595.6,3636.1,1.1,40.4,1.1,0.7,0.5,-0.0,-0.1,-0.2
238,Upper West Side North,2046.2,2112.7,3.2,66.5,4.3,4.2,3.1,0.1,0.1,-0.0
239,Upper West Side South,2508.1,2511.5,0.1,3.4,-1.9,-1.6,-0.2,-0.2,-0.3,-0.1
243,Washington Heights North,2224.6,2361.4,6.1,136.8,8.5,7.0,6.4,0.3,0.1,0.1
244,Washington Heights South,3437.7,3542.1,3.0,104.3,3.4,3.1,1.5,0.1,0.0,-0.3
246,West Chelsea/Hudson Yards,4473.5,4630.8,3.5,157.3,5.2,2.6,1.3,0.4,-0.1,-0.5
249,West Village,3462.4,3440.0,-0.6,-22.4,-4.8,-1.0,-0.9,-0.3,-0.0,-0.1
261,World Trade Center,1635.8,1507.1,-7.9,-128.7,-7.0,-8.4,-9.2,0.2,-0.1,-0.3
262,Yorkville East,1342.6,1367.1,1.8,24.6,4.6,3.8,1.0,0.3,0.2,-0.2
263,Yorkville West,2211.3,2222.9,0.5,11.6,0.1,0.6,1.0,-0.0,0.0,0.1
