time_window,from,to,PU,DO,trips_per_day_tlc,straight_km,straight_pct_below_100ft,detour_km,detour_pct_below_100ft,detour_min_ceiling_ft,car_avg_km,car_avg_min,drone_est_min,minutes_saved,verdict
Morning 07-10,Washington Heights North,Washington Heights South,243,244,80.7,2.07,0,2.19,0,400.0,2.1,9.2,5.2,4.0,Route fits LAANC ceilings
Morning 07-10,Central Harlem North,Central Harlem,42,41,78.8,2.14,0,2.21,0,300.0,2.07,7.8,5.2,2.6,Route fits LAANC ceilings
Morning 07-10,East Harlem North,East Harlem South,74,75,70.2,1.74,0,1.81,0,300.0,2.24,10.9,4.8,6.1,Route fits LAANC ceilings
Morning 07-10,Central Harlem North,East Harlem North,42,74,69.0,1.71,0,1.74,0,300.0,2.69,11.0,4.7,6.3,Route fits LAANC ceilings
Morning 07-10,Clinton East,West Chelsea/Hudson Yards,48,246,68.2,1.64,77,2.55,12,400.0,1.84,9.1,5.5,3.5,Some segments need extra approval
Morning 07-10,East Chelsea,West Chelsea/Hudson Yards,68,246,66.4,0.59,80,0.52,60,400.0,1.44,7.5,3.5,4.0,"Mostly 0 ft or low ceilings, not viable"
Morning 07-10,Times Sq/Theatre District,West Chelsea/Hudson Yards,230,246,65.7,1.9,56,2.56,14,400.0,2.34,12.2,5.6,6.6,Some segments need extra approval
Morning 07-10,Upper East Side South,Midtown Center,237,161,62.9,1.51,0,1.51,0,400.0,1.99,10.5,4.5,6.0,Route fits LAANC ceilings
Morning 07-10,East Harlem South,East Harlem North,75,74,62.4,1.74,0,1.81,0,300.0,1.96,7.9,4.8,3.1,Route fits LAANC ceilings
Morning 07-10,Lenox Hill West,Midtown Center,141,161,62.2,1.77,0,1.87,0,400.0,2.54,13.8,4.9,8.9,Route fits LAANC ceilings
Lunch 11-14,Central Harlem North,Central Harlem,42,41,78.8,2.14,0,2.21,0,300.0,2.03,8.8,5.2,3.5,Route fits LAANC ceilings
Lunch 11-14,Upper East Side North,Upper East Side South,236,237,68.1,1.51,0,1.63,0,400.0,1.93,11.7,4.6,7.1,Route fits LAANC ceilings
Lunch 11-14,Central Harlem,Central Harlem North,41,42,67.2,2.14,0,2.21,0,300.0,2.0,8.7,5.2,3.4,Route fits LAANC ceilings
Lunch 11-14,Central Harlem North,East Harlem North,42,74,58.2,1.71,0,1.74,0,300.0,2.74,10.0,4.7,5.2,Route fits LAANC ceilings
Lunch 11-14,Washington Heights North,Washington Heights South,243,244,56.7,2.07,0,2.19,0,400.0,2.12,10.2,5.2,5.0,Route fits LAANC ceilings
Lunch 11-14,Upper East Side South,Upper East Side North,237,236,54.7,1.51,0,1.63,0,400.0,1.83,10.1,4.6,5.5,Route fits LAANC ceilings
Lunch 11-14,East Harlem South,East Harlem North,75,74,54.0,1.74,0,1.81,0,300.0,2.01,8.8,4.8,4.0,Route fits LAANC ceilings
Lunch 11-14,East Harlem North,Central Harlem,74,41,53.5,1.17,0,1.14,0,300.0,1.84,9.4,4.1,5.3,Route fits LAANC ceilings
Lunch 11-14,East Harlem North,East Harlem South,74,75,53.3,1.74,0,1.81,0,300.0,2.16,10.0,4.8,5.2,Route fits LAANC ceilings
Lunch 11-14,Central Harlem,East Harlem North,41,74,52.0,1.17,0,1.14,0,300.0,1.91,9.7,4.1,5.5,Route fits LAANC ceilings
Dinner 17-21,Central Harlem,Central Harlem North,41,42,134.4,2.14,0,2.21,0,300.0,2.08,8.4,5.2,3.2,Route fits LAANC ceilings
Dinner 17-21,Central Harlem North,Central Harlem,42,41,108.8,2.14,0,2.21,0,300.0,2.05,9.1,5.2,3.9,Route fits LAANC ceilings
Dinner 17-21,Upper East Side North,Upper East Side South,236,237,96.5,1.51,0,1.63,0,400.0,1.88,9.5,4.6,4.9,Route fits LAANC ceilings
Dinner 17-21,TriBeCa/Civic Center,West Village,231,249,92.8,1.8,100,1.92,100,,2.43,10.6,4.9,5.7,"Mostly 0 ft or low ceilings, not viable"
Dinner 17-21,Washington Heights South,Washington Heights North,244,243,86.5,2.07,0,2.19,0,400.0,2.22,9.2,5.2,4.0,Route fits LAANC ceilings
Dinner 17-21,Central Harlem,East Harlem North,41,74,85.9,1.17,0,1.14,0,300.0,1.93,9.4,4.1,5.2,Route fits LAANC ceilings
Dinner 17-21,East Village,West Village,79,249,85.0,1.63,100,3.51,28,400.0,2.22,12.9,6.5,6.4,"Mostly 0 ft or low ceilings, not viable"
Dinner 17-21,West Chelsea/Hudson Yards,Union Sq,246,234,83.8,1.79,21,1.76,21,400.0,2.56,13.4,4.8,8.6,"Mostly 0 ft or low ceilings, not viable"
Dinner 17-21,East Harlem North,Central Harlem North,74,42,82.5,1.71,0,1.74,0,300.0,2.79,11.0,4.7,6.3,Route fits LAANC ceilings
Dinner 17-21,East Harlem South,East Harlem North,75,74,80.6,1.74,0,1.81,0,300.0,2.03,8.1,4.8,3.3,Route fits LAANC ceilings
